model,imbalance,best_params,accuracy_mean,accuracy_std,precision_mean,precision_std,recall_mean,recall_std,f1_mean,f1_std
LogReg_TUNED,smote,"{""clf__solver"": ""liblinear"", ""clf__C"": 1.5199110829529332}",0.7563034573625573,0.013445422893889853,0.5274340189044748,0.017535053679627762,0.7866220735785954,0.039311532454622385,0.6312073281174331,0.022137494405581326
RandomForest_TUNED,smote,"{""clf__n_estimators"": 400, ""clf__min_samples_split"": 10, ""clf__min_samples_leaf"": 10, ""clf__max_depth"": 6}",0.7715688391350053,0.011557309949177474,0.5511422549002483,0.0182337375691326,0.757190635451505,0.0258716784024264,0.6376025942246587,0.01515504732893633
