scenario,threshold,accuracy,precision,recall,f1
default_predict,0.5,0.7345635202271115,0.5,0.8074866310160428,0.6175869120654397
selected_threshold,0.4,0.6969481902058198,0.46272855133614627,0.8796791443850267,0.6064516129032258
